{"MSE": 2.453983836538874, "_timestamp": 1685613367.7373872, "_runtime": 29.754979133605957, "_step": 0, "_wandb": {"runtime": 24}}