{"MSE": 2.454507191207309, "_timestamp": 1685614113.189795, "_runtime": 29.47337794303894, "_step": 0, "_wandb": {"runtime": 25}}