{"MSE": 2.4528791442399367, "_timestamp": 1685614268.431725, "_runtime": 32.84756302833557, "_step": 0, "_wandb": {"runtime": 29}}