{"MSE": 2.453031255035805, "_timestamp": 1685614356.3174376, "_runtime": 34.459452629089355, "_step": 0, "_wandb": {"runtime": 33}}