{"MSE": 2.452960719092569, "_timestamp": 1685613991.9514244, "_runtime": 38.404977321624756, "_step": 0, "_wandb": {"runtime": 39}}