{"MSE": 2.465653375515356, "_timestamp": 1685614194.1185603, "_runtime": 26.187864303588867, "_step": 0, "_wandb": {"runtime": 20}}